type,name,confidence,page_number,line_number
topic,see,0.0449438202247191,1,0
topic,citations,0.0449438202247191,1,0
topic,univ,0.033707865168539325,1,0
topic,ersity,0.033707865168539325,1,0
topic,publica,0.033707865168539325,1,0
topic,myint,0.09090909090909091,2,0
topic,swe,0.09090909090909091,2,0
topic,khine,0.09090909090909091,2,0
topic,editor,0.09090909090909091,2,0
topic,machine,0.09090909090909091,2,0
topic,machine,0.25,3,0
topic,learning,0.25,3,0
topic,educational,0.25,3,0
topic,sciences,0.25,3,0
topic,myint,0.09090909090909091,4,0
topic,swe,0.09090909090909091,4,0
topic,khine,0.09090909090909091,4,0
topic,editor,0.09090909090909091,4,0
topic,machine,0.09090909090909091,4,0
topic,singapore,0.02666666666666667,5,0
topic,publisher,0.02666666666666667,5,0
topic,springer,0.02,5,0
topic,names,0.02,5,0
topic,registered,0.02,5,0
topic,learning,0.05421686746987952,6,0
topic,educational,0.04819277108433735,6,0
topic,ai,0.030120481927710843,6,0
topic,machine,0.030120481927710843,6,0
topic,students,0.024096385542168676,6,0
topic,valuable,0.05128205128205128,7,0
topic,vi,0.02564102564102564,7,0
topic,preface,0.02564102564102564,7,0
topic,would,0.02564102564102564,7,0
topic,like,0.02564102564102564,7,0
topic,machine,0.05504587155963303,8,0
topic,learning,0.05504587155963303,8,0
topic,performance,0.027522935779816515,8,0
topic,introduction,0.01834862385321101,8,0
topic,educational,0.01834862385321101,8,0
topic,learning,0.05232558139534884,9,0
topic,machine,0.040697674418604654,9,0
topic,assessment,0.023255813953488372,9,0
topic,students,0.011627906976744186,9,0
topic,performance,0.011627906976744186,9,0
topic,education,0.0457516339869281,10,0
topic,university,0.0392156862745098,10,0
topic,research,0.032679738562091505,10,0
topic,emirates,0.0196078431372549,10,0
topic,science,0.0196078431372549,10,0
topic,university,0.04013377926421405,11,0
topic,learning,0.023411371237458192,11,0
topic,research,0.020066889632107024,11,0
topic,engineering,0.013377926421404682,11,0
topic,education,0.013377926421404682,11,0
topic,university,0.0449438202247191,12,0
topic,learning,0.0449438202247191,12,0
topic,research,0.04119850187265917,12,0
topic,educational,0.0299625468164794,12,0
topic,education,0.018726591760299626,12,0
topic,university,0.030821917808219176,13,0
topic,engineering,0.023972602739726026,13,0
topic,research,0.02054794520547945,13,0
topic,science,0.02054794520547945,13,0
topic,computing,0.017123287671232876,13,0
topic,university,0.0425531914893617,14,0
topic,education,0.03900709219858156,14,0
topic,learning,0.028368794326241134,14,0
topic,research,0.02127659574468085,14,0
topic,information,0.01773049645390071,14,0
topic,research,0.03832752613240418,15,0
topic,education,0.0313588850174216,15,0
topic,international,0.027874564459930314,15,0
topic,university,0.024390243902439025,15,0
topic,received,0.013937282229965157,15,0
topic,university,0.045454545454545456,16,0
topic,learning,0.027972027972027972,16,0
topic,research,0.02097902097902098,16,0
topic,machine,0.02097902097902098,16,0
topic,science,0.02097902097902098,16,0
topic,university,0.0449438202247191,17,0
topic,research,0.03745318352059925,17,0
topic,science,0.0299625468164794,17,0
topic,statistics,0.026217228464419477,17,0
topic,data,0.026217228464419477,17,0
topic,editor,0.041666666666666664,18,0
topic,contributors,0.041666666666666664,18,0
topic,xvii,0.041666666666666664,18,0
topic,address,0.041666666666666664,18,0
topic,issues,0.041666666666666664,18,0
topic,introduction,1.0,19,0
topic,learning,0.07281553398058252,20,0
topic,machine,0.06796116504854369,20,0
topic,educational,0.024271844660194174,20,0
topic,intelligence,0.024271844660194174,20,0
topic,artiﬁcial,0.019417475728155338,20,0
topic,machine,0.08280254777070063,21,0
topic,learning,0.08280254777070063,21,0
topic,research,0.03184713375796178,21,0
topic,chapter,0.025477707006369428,21,0
topic,book,0.01910828025477707,21,0
topic,learning,0.04153354632587859,22,0
topic,machine,0.025559105431309903,22,0
topic,students,0.025559105431309903,22,0
topic,data,0.022364217252396165,22,0
topic,performance,0.022364217252396165,22,0
topic,learning,0.05223880597014925,23,0
topic,machine,0.033582089552238806,23,0
topic,chap,0.018656716417910446,23,0
topic,assessment,0.018656716417910446,23,0
topic,authors,0.014925373134328358,23,0
topic,learning,0.04391891891891892,24,0
topic,machine,0.037162162162162164,24,0
topic,research,0.02702702702702703,24,0
topic,models,0.02027027027027027,24,0
topic,used,0.016891891891891893,24,0
topic,machine,0.06896551724137931,25,0
topic,learning,0.06896551724137931,25,0
topic,3,0.06896551724137931,25,0
topic,8,0.034482758620689655,25,0
topic,khine,0.034482758620689655,25,0
topic,foundations,0.3333333333333333,26,0
topic,machine,0.3333333333333333,26,0
topic,learning,0.3333333333333333,26,0
topic,learning,0.047619047619047616,27,0
topic,data,0.04285714285714286,27,0
topic,machine,0.0380952380952381,27,0
topic,educational,0.03333333333333333,27,0
topic,researchers,0.02857142857142857,27,0
topic,data,0.09121621621621621,28,0
topic,learning,0.033783783783783786,28,0
topic,big,0.02702702702702703,28,0
topic,machine,0.02364864864864865,28,0
topic,analysis,0.02027027027027027,28,0
topic,learning,0.052083333333333336,29,0
topic,data,0.052083333333333336,29,0
topic,educational,0.024305555555555556,29,0
topic,ml,0.020833333333333332,29,0
topic,techniques,0.017361111111111112,29,0
topic,ml,0.056,30,0
topic,data,0.056,30,0
topic,machine,0.016,30,0
topic,learning,0.016,30,0
topic,steps,0.016,30,0
topic,data,0.059375,31,0
topic,ml,0.028125,31,0
topic,model,0.025,31,0
topic,learning,0.021875,31,0
topic,may,0.021875,31,0
topic,learning,0.03428571428571429,32,0
topic,data,0.03428571428571429,32,0
topic,model,0.03428571428571429,32,0
topic,supervised,0.02857142857142857,32,0
topic,training,0.02857142857142857,32,0
topic,learning,0.07166123778501629,33,0
topic,unsupervised,0.02280130293159609,33,0
topic,data,0.02280130293159609,33,0
topic,analysis,0.019543973941368076,33,0
topic,used,0.019543973941368076,33,0
topic,models,0.03680981595092025,34,0
topic,ensemble,0.03374233128834356,34,0
topic,learning,0.03067484662576687,34,0
topic,used,0.024539877300613498,34,0
topic,training,0.02147239263803681,34,0
topic,learning,0.037815126050420166,35,0
topic,machine,0.025210084033613446,35,0
topic,decision,0.025210084033613446,35,0
topic,supervised,0.02100840336134454,35,0
topic,statistics,0.02100840336134454,35,0
topic,decision,0.054878048780487805,36,0
topic,tree,0.042682926829268296,36,0
topic,features,0.03048780487804878,36,0
topic,method,0.018292682926829267,36,0
topic,trees,0.018292682926829267,36,0
topic,probability,0.052805280528052806,37,0
topic,c,0.0429042904290429,37,0
topic,class,0.039603960396039604,37,0
topic,x,0.039603960396039604,37,0
topic,feature,0.033003300330033,37,0
topic,data,0.025,38,0
topic,cases,0.025,38,0
topic,bayes,0.02142857142857143,38,0
topic,hyperplane,0.02142857142857143,38,0
topic,input,0.017857142857142856,38,0
topic,data,0.032,39,0
topic,may,0.032,39,0
topic,two,0.024,39,0
topic,model,0.024,39,0
topic,features,0.024,39,0
topic,positive,0.029304029304029304,40,0
topic,negative,0.029304029304029304,40,0
topic,classiﬁcation,0.02564102564102564,40,0
topic,ml,0.02197802197802198,40,0
topic,2,0.02197802197802198,40,0
topic,used,0.018050541516245487,41,0
topic,error,0.018050541516245487,41,0
topic,stem,0.018050541516245487,41,0
topic,model,0.01444043321299639,41,0
topic,ml,0.01444043321299639,41,0
topic,yes,0.03383458646616541,42,0
topic,ml,0.022556390977443608,42,0
topic,logistic,0.022556390977443608,42,0
topic,accuracy,0.022556390977443608,42,0
topic,stem,0.022556390977443608,42,0
topic,methods,0.031007751937984496,43,0
topic,stem,0.027131782945736434,43,0
topic,students,0.01937984496124031,43,0
topic,interested,0.01937984496124031,43,0
topic,career,0.01937984496124031,43,0
topic,data,0.03067484662576687,44,0
topic,process,0.018404907975460124,44,0
topic,information,0.018404907975460124,44,0
topic,ml,0.015337423312883436,44,0
topic,researchers,0.015337423312883436,44,0
topic,learning,0.04962779156327544,45,0
topic,machine,0.02729528535980149,45,0
topic,j,0.022332506203473945,45,0
topic,data,0.017369727047146403,45,0
topic,2020,0.009925558312655087,45,0
topic,learning,0.0421455938697318,46,0
topic,1,0.034482758620689655,46,0
topic,data,0.03065134099616858,46,0
topic,machine,0.01532567049808429,46,0
topic,student,0.01532567049808429,46,0
topic,ai,0.052083333333333336,47,0
topic,sector,0.026041666666666668,47,0
topic,learning,0.020833333333333332,47,0
topic,machine,0.015625,47,0
topic,applications,0.015625,47,0
topic,students,0.0319634703196347,48,0
topic,ai,0.0273972602739726,48,0
topic,learning,0.0228310502283105,48,0
topic,teaching,0.0182648401826484,48,0
topic,intelligent,0.0182648401826484,48,0
topic,learning,0.1015625,49,0
topic,ml,0.0546875,49,0
topic,features,0.046875,49,0
topic,variable,0.046875,49,0
topic,fig,0.03125,49,0
topic,student,0.039711191335740074,50,0
topic,data,0.039711191335740074,50,0
topic,ml,0.02888086642599278,50,0
topic,academic,0.02888086642599278,50,0
topic,learning,0.021660649819494584,50,0
topic,regression,0.035398230088495575,51,0
topic,student,0.02654867256637168,51,0
topic,multiple,0.02654867256637168,51,0
topic,set,0.02654867256637168,51,0
topic,tree,0.017699115044247787,51,0
topic,used,0.02390438247011952,52,0
topic,student,0.02390438247011952,52,0
topic,ml,0.0199203187250996,52,0
topic,ai,0.0199203187250996,52,0
topic,section,0.0199203187250996,52,0
topic,student,0.041176470588235294,53,0
topic,ml,0.03529411764705882,53,0
topic,model,0.03235294117647059,53,0
topic,study,0.029411764705882353,53,0
topic,learning,0.023529411764705882,53,0
topic,student,0.05319148936170213,54,0
topic,dataset,0.047872340425531915,54,0
topic,article,0.031914893617021274,54,0
topic,accuracy,0.031914893617021274,54,0
topic,academic,0.031914893617021274,54,0
topic,dataset,0.0673076923076923,55,0
topic,student,0.04807692307692308,55,0
topic,academic,0.04807692307692308,55,0
topic,article,0.038461538461538464,55,0
topic,education,0.028846153846153848,55,0
topic,dataset,0.056179775280898875,56,0
topic,student,0.0449438202247191,56,0
topic,academic,0.0449438202247191,56,0
topic,article,0.033707865168539325,56,0
topic,ml,0.02247191011235955,56,0
topic,student,0.060240963855421686,57,0
topic,academic,0.04216867469879518,57,0
topic,study,0.02710843373493976,57,0
topic,ml,0.024096385542168676,57,0
topic,predict,0.018072289156626505,57,0
topic,ml,0.05084745762711865,58,0
topic,studies,0.05084745762711865,58,0
topic,model,0.03389830508474576,58,0
topic,study,0.02824858757062147,58,0
topic,data,0.02824858757062147,58,0
topic,ml,0.06825938566552901,59,0
topic,student,0.034129692832764506,59,0
topic,academic,0.027303754266211604,59,0
topic,studies,0.027303754266211604,59,0
topic,model,0.023890784982935155,59,0
topic,https,0.025806451612903226,60,0
topic,j,0.01935483870967742,60,0
topic,learning,0.01935483870967742,60,0
topic,research,0.016129032258064516,60,0
topic,education,0.016129032258064516,60,0
topic,sj,0.03802281368821293,61,0
topic,miah,0.034220532319391636,61,0
topic,learning,0.030418250950570342,61,0
topic,2021,0.022813688212927757,61,0
topic,inf,0.022813688212927757,61,0
topic,teaching,0.0365296803652968,62,0
topic,camelot,0.0319634703196347,62,0
topic,learning,0.0319634703196347,62,0
topic,evaluations,0.0273972602739726,62,0
topic,machine,0.0228310502283105,62,0
topic,ml,0.022222222222222223,63,0
topic,data,0.01904761904761905,63,0
topic,machine,0.01904761904761905,63,0
topic,model,0.01904761904761905,63,0
topic,evaluations,0.015873015873015872,63,0
topic,p,0.06542056074766354,64,0
topic,classiﬁer,0.037383177570093455,64,0
topic,2,0.028037383177570093,64,0
topic,x,0.028037383177570093,64,0
topic,ck,0.028037383177570093,64,0
topic,feature,0.058823529411764705,65,0
topic,k,0.03431372549019608,65,0
topic,point,0.03431372549019608,65,0
topic,classiﬁer,0.029411764705882353,65,0
topic,classes,0.029411764705882353,65,0
topic,layer,0.02888086642599278,66,0
topic,model,0.02527075812274368,66,0
topic,neurons,0.02527075812274368,66,0
topic,camelot,0.021660649819494584,66,0
topic,1,0.021660649819494584,66,0
topic,instructor,0.07692307692307693,67,0
topic,data,0.038461538461538464,67,0
topic,ability,0.038461538461538464,67,0
topic,1,0.023076923076923078,67,0
topic,camelot,0.023076923076923078,67,0
topic,average,0.057692307692307696,68,0
topic,table,0.038461538461538464,68,0
topic,data,0.03205128205128205,68,0
topic,camelot,0.019230769230769232,68,0
topic,six,0.019230769230769232,68,0
topic,data,0.06504065040650407,69,0
topic,values,0.04065040650406504,69,0
topic,dependent,0.028455284552845527,69,0
topic,features,0.028455284552845527,69,0
topic,missing,0.028455284552845527,69,0
topic,feature,0.045112781954887216,70,0
topic,values,0.041353383458646614,70,0
topic,missing,0.03007518796992481,70,0
topic,standardization,0.03007518796992481,70,0
topic,median,0.02631578947368421,70,0
topic,categorical,0.02912621359223301,71,0
topic,score,0.024271844660194174,71,0
topic,variable,0.024271844660194174,71,0
topic,reading,0.019417475728155338,71,0
topic,x,0.019417475728155338,71,0
topic,training,0.03985507246376811,72,0
topic,average,0.025362318840579712,72,0
topic,data,0.025362318840579712,72,0
topic,feature,0.025362318840579712,72,0
topic,model,0.018115942028985508,72,0
topic,model,0.03389830508474576,73,0
topic,x,0.02824858757062147,73,0
topic,2,0.022598870056497175,73,0
topic,1,0.022598870056497175,73,0
topic,import,0.022598870056497175,73,0
topic,grid,0.03942652329749104,74,0
topic,model,0.03942652329749104,74,0
topic,svm,0.02867383512544803,74,0
topic,weights,0.025089605734767026,74,0
topic,n,0.025089605734767026,74,0
topic,classiﬁer,0.03088803088803089,75,0
topic,import,0.03088803088803089,75,0
topic,1,0.03088803088803089,75,0
topic,2,0.03088803088803089,75,0
topic,model,0.02702702702702703,75,0
topic,data,0.038461538461538464,76,0
topic,features,0.02564102564102564,76,0
topic,1,0.019230769230769232,76,0
topic,use,0.019230769230769232,76,0
topic,training,0.019230769230769232,76,0
topic,line,0.036885245901639344,77,0
topic,sentiment,0.028688524590163935,77,0
topic,may,0.02459016393442623,77,0
topic,feedback,0.020491803278688523,77,0
topic,analyzer,0.01639344262295082,77,0
topic,professor,0.027777777777777776,78,0
topic,assignments,0.023148148148148147,78,0
topic,positive,0.018518518518518517,78,0
topic,negative,0.018518518518518517,78,0
topic,lectures,0.018518518518518517,78,0
topic,evaluation,0.038834951456310676,79,0
topic,many,0.03398058252427184,79,0
topic,confusion,0.02912621359223301,79,0
topic,metrics,0.02912621359223301,79,0
topic,matrix,0.024271844660194174,79,0
topic,model,0.043478260869565216,80,0
topic,ml,0.03162055335968379,80,0
topic,metric,0.02766798418972332,80,0
topic,recall,0.02766798418972332,80,0
topic,precision,0.023715415019762844,80,0
topic,models,0.029585798816568046,81,0
topic,precision,0.023668639053254437,81,0
topic,recall,0.023668639053254437,81,0
topic,ml,0.020710059171597635,81,0
topic,false,0.020710059171597635,81,0
topic,ml,0.07317073170731707,82,0
topic,5,0.04878048780487805,82,0
topic,six,0.04878048780487805,82,0
topic,classiﬁcation,0.04878048780487805,82,0
topic,models,0.04878048780487805,82,0
topic,data,0.03482587064676617,83,0
topic,learning,0.03482587064676617,83,0
topic,camelot,0.029850746268656716,83,0
topic,machine,0.024875621890547265,83,0
topic,effective,0.01990049751243781,83,0
topic,learning,0.038461538461538464,84,0
topic,teaching,0.03365384615384615,84,0
topic,machine,0.019230769230769232,84,0
topic,camelot,0.014423076923076924,84,0
topic,student,0.014423076923076924,84,0
topic,equal,0.08860759493670886,85,0
topic,feature,0.06329113924050633,85,0
topic,tree,0.05063291139240506,85,0
topic,node,0.05063291139240506,85,0
topic,point,0.05063291139240506,85,0
topic,penalized,0.04639175257731959,86,0
topic,regression,0.04639175257731959,86,0
topic,data,0.030927835051546393,86,0
topic,predictive,0.02577319587628866,86,0
topic,learning,0.020618556701030927,86,0
topic,models,0.03289473684210526,87,0
topic,data,0.03289473684210526,87,0
topic,predictive,0.02631578947368421,87,0
topic,modeling,0.023026315789473683,87,0
topic,variables,0.023026315789473683,87,0
topic,data,0.05351170568561873,88,0
topic,penalized,0.033444816053511704,88,0
topic,regression,0.033444816053511704,88,0
topic,models,0.033444816053511704,88,0
topic,lasso,0.020066889632107024,88,0
topic,data,0.04195804195804196,89,0
topic,test,0.038461538461538464,89,0
topic,model,0.027972027972027972,89,0
topic,student,0.027972027972027972,89,0
topic,training,0.02097902097902098,89,0
topic,x,0.04329004329004329,90,0
topic,regression,0.03896103896103896,90,0
topic,xt,0.03463203463203463,90,0
topic,matrix,0.03463203463203463,90,0
topic,eq,0.030303030303030304,90,0
topic,ridge,0.04234527687296417,91,0
topic,lasso,0.04234527687296417,91,0
topic,penalty,0.035830618892508145,91,0
topic,coefﬁcients,0.029315960912052116,91,0
topic,λ,0.02280130293159609,91,0
topic,1,0.026905829596412557,92,0
topic,model,0.026905829596412557,92,0
topic,penalized,0.02242152466367713,92,0
topic,lasso,0.02242152466367713,92,0
topic,α,0.02242152466367713,92,0
topic,model,0.04149377593360996,93,0
topic,cv,0.03319502074688797,93,0
topic,λ,0.03319502074688797,93,0
topic,error,0.024896265560165973,93,0
topic,training,0.02074688796680498,93,0
topic,prediction,0.04296875,94,0
topic,predicted,0.0234375,94,0
topic,data,0.01953125,94,0
topic,model,0.01953125,94,0
topic,errors,0.01953125,94,0
topic,cases,0.04580152671755725,95,0
topic,conﬁrmed,0.03435114503816794,95,0
topic,accuracy,0.022900763358778626,95,0
topic,hypothesis,0.019083969465648856,95,0
topic,fn,0.015267175572519083,95,0
topic,data,0.04878048780487805,96,0
topic,model,0.028455284552845527,96,0
topic,predictors,0.024390243902439025,96,0
topic,sensitivity,0.02032520325203252,96,0
topic,conﬁrmed,0.02032520325203252,96,0
topic,regression,0.05687203791469194,97,0
topic,penalty,0.037914691943127965,97,0
topic,penalized,0.03317535545023697,97,0
topic,group,0.03317535545023697,97,0
topic,functions,0.02843601895734597,97,0
topic,mcp,0.034334763948497854,98,0
topic,mnet,0.034334763948497854,98,0
topic,1,0.034334763948497854,98,0
topic,penalty,0.02575107296137339,98,0
topic,2,0.02575107296137339,98,0
topic,effects,0.03474903474903475,99,0
topic,random,0.02702702702702703,99,0
topic,glmmlasso,0.023166023166023165,99,0
topic,parameter,0.023166023166023165,99,0
topic,ﬁxed,0.019305019305019305,99,0
topic,regression,0.03296703296703297,100,0
topic,psi,0.03296703296703297,100,0
topic,lasso,0.03296703296703297,100,0
topic,variables,0.029304029304029304,100,0
topic,penalized,0.02564102564102564,100,0
topic,penalized,0.045112781954887216,101,0
topic,regression,0.045112781954887216,101,0
topic,research,0.022556390977443608,101,0
topic,data,0.018796992481203006,101,0
topic,analysis,0.015037593984962405,101,0
topic,lasso,0.05,102,0
topic,enet,0.05,102,0
topic,glmnet,0.05,102,0
topic,binomial,0.0375,102,0
topic,coef,0.0375,102,0
topic,grpreg,0.05263157894736842,103,0
topic,error,0.043859649122807015,103,0
topic,pred,0.03508771929824561,103,0
topic,mcp,0.03508771929824561,103,0
topic,group,0.02631578947368421,103,0
topic,https,0.043343653250773995,104,0
topic,je,0.02786377708978328,104,0
topic,stat,0.02476780185758514,104,0
topic,oo,0.02476780185758514,104,0
topic,via,0.021671826625386997,104,0
topic,j,0.04292929292929293,105,0
topic,https,0.030303030303030304,105,0
topic,stat,0.027777777777777776,105,0
topic,regression,0.022727272727272728,105,0
topic,selection,0.022727272727272728,105,0
topic,j,0.05405405405405406,106,0
topic,https,0.05405405405405406,106,0
topic,penalized,0.02702702702702703,106,0
topic,regression,0.02702702702702703,106,0
topic,data,0.02702702702702703,106,0
topic,predicting,0.3333333333333333,107,0
topic,student,0.3333333333333333,107,0
topic,performance,0.3333333333333333,107,0
topic,performance,0.054187192118226604,108,0
topic,students,0.029556650246305417,108,0
topic,systems,0.024630541871921183,108,0
topic,machine,0.019704433497536946,108,0
topic,learning,0.019704433497536946,108,0
topic,learning,0.029605263157894735,109,0
topic,students,0.029605263157894735,109,0
topic,education,0.019736842105263157,109,0
topic,performance,0.019736842105263157,109,0
topic,educational,0.01644736842105263,109,0
topic,students,0.05791505791505792,110,0
topic,performance,0.03474903474903475,110,0
topic,machine,0.019305019305019305,110,0
topic,accuracy,0.019305019305019305,110,0
topic,factors,0.019305019305019305,110,0
topic,studies,0.05102040816326531,111,0
topic,success,0.04081632653061224,111,0
topic,parents,0.04081632653061224,111,0
topic,children,0.04081632653061224,111,0
topic,factors,0.030612244897959183,111,0
topic,children,0.027210884353741496,112,0
topic,schools,0.023809523809523808,112,0
topic,students,0.023809523809523808,112,0
topic,performance,0.02040816326530612,112,0
topic,school,0.02040816326530612,112,0
topic,x,0.12568306010928962,113,0
topic,et,0.060109289617486336,113,0
topic,al,0.060109289617486336,113,0
topic,features,0.0273224043715847,113,0
topic,accuracy,0.02185792349726776,113,0
topic,features,0.03642384105960265,114,0
topic,education,0.026490066225165563,114,0
topic,previous,0.023178807947019868,114,0
topic,students,0.019867549668874173,114,0
topic,grades,0.019867549668874173,114,0
topic,numeric,0.06611570247933884,115,0
topic,binary,0.05371900826446281,115,0
topic,school,0.0371900826446281,115,0
topic,yes,0.03305785123966942,115,0
topic,0,0.024793388429752067,115,0
topic,students,0.054945054945054944,116,0
topic,machine,0.04395604395604396,116,0
topic,performance,0.03296703296703297,116,0
topic,support,0.03296703296703297,116,0
topic,data,0.03296703296703297,116,0
topic,b,0.07042253521126761,117,0
topic,c,0.056338028169014086,117,0
topic,1,0.056338028169014086,117,0
topic,classes,0.04225352112676056,117,0
topic,hyperplane,0.04225352112676056,117,0
topic,tree,0.04938271604938271,118,0
topic,rf,0.037037037037037035,118,0
topic,decision,0.037037037037037035,118,0
topic,random,0.024691358024691357,118,0
topic,forest,0.024691358024691357,118,0
topic,grade,0.03977272727272727,119,0
topic,negative,0.03409090909090909,119,0
topic,class,0.028409090909090908,119,0
topic,predicted,0.028409090909090908,119,0
topic,positive,0.028409090909090908,119,0
topic,previous,0.041666666666666664,120,0
topic,grades,0.032407407407407406,120,0
topic,models,0.027777777777777776,120,0
topic,shows,0.023148148148148147,120,0
topic,accuracy,0.023148148148148147,120,0
topic,models,0.04,121,0
topic,uci,0.04,121,0
topic,dataset,0.04,121,0
topic,fig,0.02666666666666667,121,0
topic,accuracy,0.02666666666666667,121,0
topic,fig,0.05,122,0
topic,models,0.05,122,0
topic,using,0.05,122,0
topic,previous,0.05,122,0
topic,grades,0.05,122,0
topic,student,0.05042016806722689,123,0
topic,features,0.037815126050420166,123,0
topic,performance,0.037815126050420166,123,0
topic,education,0.025210084033613446,123,0
topic,learning,0.02100840336134454,123,0
topic,https,0.035629453681710214,124,0
topic,1,0.021377672209026127,124,0
topic,school,0.019002375296912115,124,0
topic,j,0.0166270783847981,124,0
topic,students,0.014251781472684086,124,0
topic,data,0.022332506203473945,125,0
topic,student,0.019851116625310174,125,0
topic,performance,0.019851116625310174,125,0
topic,mining,0.019851116625310174,125,0
topic,j,0.017369727047146403,125,0
topic,question,0.0319634703196347,126,0
topic,response,0.0273972602739726,126,0
topic,time,0.0273972602739726,126,0
topic,regression,0.0273972602739726,126,0
topic,features,0.0228310502283105,126,0
topic,features,0.04607046070460705,127,0
topic,word,0.03523035230352303,127,0
topic,count,0.02981029810298103,127,0
topic,item,0.024390243902439025,127,0
topic,response,0.02168021680216802,127,0
topic,ap,0.03278688524590164,128,0
topic,students,0.029508196721311476,128,0
topic,features,0.02622950819672131,128,0
topic,high,0.022950819672131147,128,0
topic,item,0.019672131147540985,128,0
topic,time,0.030042918454935622,129,0
topic,question,0.02575107296137339,129,0
topic,response,0.02575107296137339,129,0
topic,features,0.02145922746781116,129,0
topic,regression,0.017167381974248927,129,0
topic,question,0.06310679611650485,130,0
topic,number,0.05825242718446602,130,0
topic,text,0.038834951456310676,130,0
topic,response,0.03398058252427184,130,0
topic,time,0.024271844660194174,130,0
topic,item,0.06535947712418301,131,0
topic,unique,0.0392156862745098,131,0
topic,topics,0.032679738562091505,131,0
topic,number,0.026143790849673203,131,0
topic,attributes,0.026143790849673203,131,0
topic,terms,0.0273972602739726,132,0
topic,count,0.0228310502283105,132,0
topic,question,0.0228310502283105,132,0
topic,readability,0.0228310502283105,132,0
topic,statistics,0.0182648401826484,132,0
topic,question,0.024096385542168676,133,0
topic,regression,0.024096385542168676,133,0
topic,count,0.024096385542168676,133,0
topic,features,0.020080321285140562,133,0
topic,content,0.020080321285140562,133,0
topic,features,0.06896551724137931,134,0
topic,statistic,0.04597701149425287,134,0
topic,model,0.04597701149425287,134,0
topic,selection,0.034482758620689655,134,0
topic,starts,0.022988505747126436,134,0
topic,variables,0.030927835051546393,135,0
topic,model,0.024054982817869417,135,0
topic,regression,0.024054982817869417,135,0
topic,nodes,0.024054982817869417,135,0
topic,tree,0.020618556701030927,135,0
topic,model,0.05555555555555555,136,0
topic,selection,0.047619047619047616,136,0
topic,features,0.03968253968253968,136,0
topic,linear,0.031746031746031744,136,0
topic,ta,0.023809523809523808,136,0
topic,coefﬁcient,0.030927835051546393,137,0
topic,multiple,0.030927835051546393,137,0
topic,complete,0.030927835051546393,137,0
topic,students,0.030927835051546393,137,0
topic,features,0.020618556701030927,137,0
topic,features,0.02857142857142857,138,0
topic,regression,0.02857142857142857,138,0
topic,test,0.022857142857142857,138,0
topic,scores,0.022857142857142857,138,0
topic,item,0.022857142857142857,138,0
topic,item,0.035483870967741936,139,0
topic,response,0.03225806451612903,139,0
topic,time,0.01935483870967742,139,0
topic,test,0.01935483870967742,139,0
topic,j,0.01935483870967742,139,0
topic,https,0.028871391076115485,140,0
topic,readability,0.01837270341207349,140,0
topic,j,0.01837270341207349,140,0
topic,statistics,0.015748031496062992,140,0
topic,cheng,0.013123359580052493,140,0
topic,occupational,0.1,141,0
topic,statistics,0.1,141,0
topic,128,0.05,141,0
topic,denner,0.05,141,0
topic,et,0.05,141,0
topic,student,0.03553299492385787,142,0
topic,dropout,0.025380710659898477,142,0
topic,machine,0.025380710659898477,142,0
topic,learning,0.025380710659898477,142,0
topic,models,0.025380710659898477,142,0
topic,students,0.04363636363636364,143,0
topic,student,0.03272727272727273,143,0
topic,universities,0.01818181818181818,143,0
topic,ﬁnancial,0.01818181818181818,143,0
topic,may,0.01818181818181818,143,0
topic,student,0.03515625,144,0
topic,students,0.03125,144,0
topic,learning,0.03125,144,0
topic,machine,0.02734375,144,0
topic,help,0.02734375,144,0
topic,predictors,0.06870229007633588,145,0
topic,models,0.030534351145038167,145,0
topic,student,0.026717557251908396,145,0
topic,factors,0.019083969465648856,145,0
topic,learning,0.019083969465648856,145,0
topic,student,0.06746031746031746,146,0
topic,models,0.027777777777777776,146,0
topic,learning,0.023809523809523808,146,0
topic,predictors,0.023809523809523808,146,0
topic,activities,0.01984126984126984,146,0
topic,student,0.051587301587301584,147,0
topic,dropout,0.04365079365079365,147,0
topic,models,0.031746031746031744,147,0
topic,model,0.027777777777777776,147,0
topic,data,0.023809523809523808,147,0
topic,student,0.04727272727272727,148,0
topic,learning,0.04727272727272727,148,0
topic,dropout,0.04363636363636364,148,0
topic,model,0.03636363636363636,148,0
topic,models,0.03272727272727273,148,0
topic,factors,0.03333333333333333,149,0
topic,predictive,0.027777777777777776,149,0
topic,student,0.022222222222222223,149,0
topic,monitoring,0.022222222222222223,149,0
topic,feedback,0.022222222222222223,149,0
topic,model,0.05172413793103448,150,0
topic,teacher,0.04310344827586207,150,0
topic,curriculum,0.02586206896551724,150,0
topic,predictive,0.02586206896551724,150,0
topic,student,0.017241379310344827,150,0
topic,system,0.03861003861003861,151,0
topic,data,0.03088803088803089,151,0
topic,educational,0.02702702702702703,151,0
topic,analyst,0.023166023166023165,151,0
topic,models,0.023166023166023165,151,0
topic,learning,0.043010752688172046,152,0
topic,models,0.03763440860215054,152,0
topic,model,0.026881720430107527,152,0
topic,machine,0.026881720430107527,152,0
topic,lms,0.026881720430107527,152,0
topic,140,0.1,153,0
topic,bognár,0.1,153,0
topic,fig,0.1,153,0
topic,4,0.1,153,0
topic,components,0.1,153,0
topic,course,0.06048387096774194,154,0
topic,indicators,0.03225806451612903,154,0
topic,indicator,0.03225806451612903,154,0
topic,student,0.028225806451612902,154,0
topic,within,0.028225806451612902,154,0
topic,duration,0.044444444444444446,155,0
topic,data,0.044444444444444446,155,0
topic,model,0.03333333333333333,155,0
topic,time,0.03333333333333333,155,0
topic,use,0.03333333333333333,155,0
topic,model,0.06976744186046512,156,0
topic,time,0.06976744186046512,156,0
topic,student,0.046511627906976744,156,0
topic,activities,0.046511627906976744,156,0
topic,data,0.03488372093023256,156,0
topic,time,0.02531645569620253,157,0
topic,students,0.02531645569620253,157,0
topic,samples,0.02531645569620253,157,0
topic,8,0.0189873417721519,157,0
topic,model,0.0189873417721519,157,0
topic,time,0.06201550387596899,158,0
topic,student,0.031007751937984496,158,0
topic,v,0.031007751937984496,158,0
topic,matrix,0.031007751937984496,158,0
topic,x,0.031007751937984496,158,0
topic,time,0.037267080745341616,159,0
topic,course,0.024844720496894408,159,0
topic,student,0.024844720496894408,159,0
topic,target,0.018633540372670808,159,0
topic,value,0.018633540372670808,159,0
topic,function,0.04013377926421405,160,0
topic,f,0.026755852842809364,160,0
topic,data,0.023411371237458192,160,0
topic,model,0.023411371237458192,160,0
topic,predictors,0.020066889632107024,160,0
topic,dropout,0.03669724770642202,161,0
topic,model,0.027522935779816515,161,0
topic,student,0.027522935779816515,161,0
topic,decision,0.027522935779816515,161,0
topic,trees,0.027522935779816515,161,0
topic,student,0.030042918454935622,162,0
topic,prediction,0.02575107296137339,162,0
topic,performance,0.02145922746781116,162,0
topic,target,0.02145922746781116,162,0
topic,data,0.017167381974248927,162,0
topic,students,0.08450704225352113,163,0
topic,failed,0.07042253521126761,163,0
topic,accuracy,0.056338028169014086,163,0
topic,correctly,0.04225352112676056,163,0
topic,tp,0.04225352112676056,163,0
topic,model,0.07657657657657657,164,0
topic,bias,0.04054054054054054,164,0
topic,variance,0.04054054054054054,164,0
topic,precision,0.03153153153153153,164,0
topic,f1,0.02702702702702703,164,0
topic,model,0.1073170731707317,165,0
topic,performance,0.04878048780487805,165,0
topic,validation,0.04390243902439024,165,0
topic,metrics,0.03902439024390244,165,0
topic,training,0.03902439024390244,165,0
topic,training,0.05106382978723404,166,0
topic,model,0.0425531914893617,166,0
topic,bias,0.03829787234042553,166,0
topic,high,0.03829787234042553,166,0
topic,error,0.03404255319148936,166,0
topic,fig,0.1,167,0
topic,learning,0.1,167,0
topic,curve,0.1,167,0
topic,low,0.1,167,0
topic,bias,0.1,167,0
topic,models,0.04150943396226415,168,0
topic,student,0.03018867924528302,168,0
topic,learning,0.03018867924528302,168,0
topic,bias,0.022641509433962263,168,0
topic,variance,0.022641509433962263,168,0
topic,https,0.0469208211143695,169,0
topic,j,0.020527859237536656,169,0
topic,learning,0.020527859237536656,169,0
topic,students,0.017595307917888565,169,0
topic,using,0.017595307917888565,169,0
topic,https,0.043209876543209874,170,0
topic,student,0.024691358024691357,170,0
topic,j,0.024691358024691357,170,0
topic,2020,0.021604938271604937,170,0
topic,educ,0.021604938271604937,170,0
topic,learning,0.10256410256410256,171,0
topic,students,0.041025641025641026,171,0
topic,machine,0.03076923076923077,171,0
topic,data,0.03076923076923077,171,0
topic,methods,0.02564102564102564,171,0
topic,learning,0.11854103343465046,172,0
topic,data,0.0486322188449848,172,0
topic,activities,0.02127659574468085,172,0
topic,ai,0.0182370820668693,172,0
topic,various,0.0182370820668693,172,0
topic,learning,0.07371794871794872,173,0
topic,team,0.028846153846153848,173,0
topic,students,0.019230769230769232,173,0
topic,online,0.019230769230769232,173,0
topic,instructional,0.019230769230769232,173,0
topic,students,0.051587301587301584,174,0
topic,learning,0.04365079365079365,174,0
topic,5,0.03571428571428571,174,0
topic,count,0.031746031746031744,174,0
topic,student,0.023809523809523808,174,0
topic,learning,0.05338078291814947,175,0
topic,int,0.046263345195729534,175,0
topic,student,0.046263345195729534,175,0
topic,times,0.02491103202846975,175,0
topic,data,0.021352313167259787,175,0
topic,words,0.065625,176,0
topic,word,0.025,176,0
topic,data,0.021875,176,0
topic,number,0.021875,176,0
topic,text,0.01875,176,0
topic,number,0.04,177,0
topic,fig,0.02666666666666667,177,0
topic,word,0.02666666666666667,177,0
topic,label,0.02666666666666667,177,0
topic,percentage,0.02666666666666667,177,0
topic,vector,0.04710144927536232,178,0
topic,vocabulary,0.03985507246376811,178,0
topic,layer,0.03985507246376811,178,0
topic,matrix,0.036231884057971016,178,0
topic,model,0.028985507246376812,178,0
topic,content,0.05309734513274336,179,0
topic,student,0.030973451327433628,179,0
topic,teacher,0.030973451327433628,179,0
topic,guidance,0.030973451327433628,179,0
topic,matching,0.02654867256637168,179,0
topic,content,0.047619047619047616,180,0
topic,student,0.04285714285714286,180,0
topic,1,0.03333333333333333,180,0
topic,represents,0.03333333333333333,180,0
topic,map,0.02857142857142857,180,0
topic,achievement,0.13043478260869565,181,0
topic,periodical,0.10869565217391304,181,0
topic,test,0.10869565217391304,181,0
topic,mrr,0.10869565217391304,181,0
topic,map,0.10869565217391304,181,0
topic,sc,0.054140127388535034,182,0
topic,learning,0.041401273885350316,182,0
topic,students,0.03503184713375796,182,0
topic,student,0.03184713375796178,182,0
topic,δ,0.028662420382165606,182,0
topic,learning,0.061068702290076333,183,0
topic,semester,0.05343511450381679,183,0
topic,students,0.03816793893129771,183,0
topic,nb,0.030534351145038167,183,0
topic,rf,0.030534351145038167,183,0
topic,semester,0.09090909090909091,184,0
topic,nb,0.09090909090909091,184,0
topic,rf,0.09090909090909091,184,0
topic,svm,0.09090909090909091,184,0
topic,ap,0.09090909090909091,184,0
topic,student,0.0594059405940594,185,0
topic,learning,0.04950495049504951,185,0
topic,0,0.039603960396039604,185,0
topic,10,0.039603960396039604,185,0
topic,pattern,0.039603960396039604,185,0
topic,learning,0.07380073800738007,186,0
topic,students,0.04428044280442804,186,0
topic,course,0.04059040590405904,186,0
topic,behavior,0.02952029520295203,186,0
topic,data,0.025830258302583026,186,0
topic,learning,0.04827586206896552,187,0
topic,students,0.020689655172413793,187,0
topic,results,0.020689655172413793,187,0
topic,form,0.020689655172413793,187,0
topic,improving,0.013793103448275862,187,0
topic,new,0.02654867256637168,188,0
topic,facts,0.02654867256637168,188,0
topic,details,0.017699115044247787,188,0
topic,may,0.017699115044247787,188,0
topic,fuzzy,0.017699115044247787,188,0
topic,prefer,0.03,189,0
topic,study,0.03,189,0
topic,new,0.02,189,0
topic,think,0.02,189,0
topic,put,0.02,189,0
topic,likely,0.038834951456310676,190,0
topic,remember,0.02912621359223301,190,0
topic,picture,0.02912621359223301,190,0
topic,prefer,0.02912621359223301,190,0
topic,paper,0.02912621359223301,190,0
topic,learning,0.027522935779816515,191,0
topic,students,0.01834862385321101,191,0
topic,blended,0.01834862385321101,191,0
topic,subject,0.01834862385321101,191,0
topic,much,0.01834862385321101,191,0
topic,learning,0.05411764705882353,192,0
topic,blended,0.02588235294117647,192,0
topic,performance,0.021176470588235293,192,0
topic,educ,0.018823529411764704,192,0
topic,predicting,0.01647058823529412,192,0
topic,learning,0.04597701149425287,193,0
topic,comput,0.022988505747126436,193,0
topic,2020,0.017241379310344827,193,0
topic,romanenko,0.017241379310344827,193,0
topic,pp,0.017241379310344827,193,0
topic,features,0.027522935779816515,194,0
topic,embeddings,0.027522935779816515,194,0
topic,learning,0.027522935779816515,194,0
topic,students,0.022935779816513763,194,0
topic,node,0.022935779816513763,194,0
topic,students,0.035483870967741936,195,0
topic,academic,0.01935483870967742,195,0
topic,ml,0.016129032258064516,195,0
topic,rates,0.012903225806451613,195,0
topic,traditional,0.012903225806451613,195,0
topic,ml,0.025547445255474453,196,0
topic,student,0.025547445255474453,196,0
topic,performance,0.021897810218978103,196,0
topic,data,0.021897810218978103,196,0
topic,students,0.01824817518248175,196,0
topic,students,0.050445103857566766,197,0
topic,data,0.02373887240356083,197,0
topic,model,0.020771513353115726,197,0
topic,performance,0.020771513353115726,197,0
topic,study,0.017804154302670624,197,0
topic,performance,0.037383177570093455,198,0
topic,students,0.024922118380062305,198,0
topic,data,0.024922118380062305,198,0
topic,student,0.021806853582554516,198,0
topic,model,0.021806853582554516,198,0
topic,data,0.05303030303030303,199,0
topic,may,0.015151515151515152,199,0
topic,dataset,0.015151515151515152,199,0
topic,et,0.011363636363636364,199,0
topic,al,0.011363636363636364,199,0
topic,fig,0.047619047619047616,200,0
topic,features,0.047619047619047616,200,0
topic,dataset,0.047619047619047616,200,0
topic,data,0.047619047619047616,200,0
topic,enhancing,0.023809523809523808,200,0
topic,data,0.06321839080459771,201,0
topic,analysis,0.040229885057471264,201,0
topic,tg,0.022988505747126436,201,0
topic,missing,0.017241379310344827,201,0
topic,grades,0.017241379310344827,201,0
topic,graph,0.04583333333333333,202,0
topic,distance,0.029166666666666667,202,0
topic,students,0.025,202,0
topic,matrix,0.025,202,0
topic,cosine,0.020833333333333332,202,0
topic,features,0.04591836734693878,203,0
topic,embeddings,0.03571428571428571,203,0
topic,graph,0.030612244897959183,203,0
topic,topological,0.025510204081632654,203,0
topic,predictive,0.02040816326530612,203,0
topic,positives,0.03225806451612903,204,0
topic,model,0.027649769585253458,204,0
topic,accuracy,0.02304147465437788,204,0
topic,positive,0.02304147465437788,204,0
topic,true,0.02304147465437788,204,0
topic,features,0.04700854700854701,205,0
topic,topological,0.02564102564102564,205,0
topic,node,0.021367521367521368,205,0
topic,embeddings,0.021367521367521368,205,0
topic,precision,0.017094017094017096,205,0
topic,features,0.030612244897959183,206,0
topic,graph,0.02040816326530612,206,0
topic,node,0.015306122448979591,206,0
topic,embeddings,0.015306122448979591,206,0
topic,feature,0.015306122448979591,206,0
topic,features,0.05508474576271186,207,0
topic,model,0.029661016949152543,207,0
topic,topological,0.029661016949152543,207,0
topic,performance,0.01694915254237288,207,0
topic,models,0.01694915254237288,207,0
topic,features,0.0380952380952381,208,0
topic,performance,0.02857142857142857,208,0
topic,models,0.02857142857142857,208,0
topic,trained,0.02857142857142857,208,0
topic,model,0.02857142857142857,208,0
topic,node,0.03418803418803419,209,0
topic,embeddings,0.03418803418803419,209,0
topic,model,0.029914529914529916,209,0
topic,features,0.02564102564102564,209,0
topic,data,0.021367521367521368,209,0
topic,student,0.04411764705882353,210,0
topic,embeddings,0.03676470588235294,210,0
topic,model,0.029411764705882353,210,0
topic,accuracy,0.029411764705882353,210,0
topic,performance,0.022058823529411766,210,0
topic,features,0.047058823529411764,211,0
topic,node,0.041176470588235294,211,0
topic,embeddings,0.041176470588235294,211,0
topic,topological,0.029411764705882353,211,0
topic,models,0.029411764705882353,211,0
topic,features,0.05405405405405406,212,0
topic,performance,0.05019305019305019,212,0
topic,model,0.05019305019305019,212,0
topic,od,0.03474903474903475,212,0
topic,node,0.03088803088803089,212,0
topic,features,0.05405405405405406,213,0
topic,model,0.03861003861003861,213,0
topic,prediction,0.02702702702702703,213,0
topic,models,0.02702702702702703,213,0
topic,node,0.023166023166023165,213,0
topic,students,0.027607361963190184,214,0
topic,https,0.027607361963190184,214,0
topic,student,0.018404907975460124,214,0
topic,j,0.018404907975460124,214,0
topic,educ,0.018404907975460124,214,0
topic,https,0.039603960396039604,215,0
topic,learning,0.0297029702970297,215,0
topic,student,0.019801980198019802,215,0
topic,machine,0.019801980198019802,215,0
topic,j,0.019801980198019802,215,0
topic,machine,0.25,216,0
topic,learning,0.25,216,0
topic,assessment,0.25,216,0
topic,processes,0.25,216,0
topic,instructors,0.027649769585253458,217,0
topic,online,0.02304147465437788,217,0
topic,modeling,0.018433179723502304,217,0
topic,assessment,0.018433179723502304,217,0
topic,practices,0.018433179723502304,217,0
topic,online,0.040983606557377046,218,0
topic,education,0.03278688524590164,218,0
topic,pandemic,0.028688524590163935,218,0
topic,higher,0.028688524590163935,218,0
topic,remote,0.028688524590163935,218,0
topic,learning,0.050359712230215826,219,0
topic,online,0.04316546762589928,219,0
topic,assessment,0.039568345323741004,219,0
topic,instructors,0.02877697841726619,219,0
topic,students,0.02158273381294964,219,0
topic,online,0.040145985401459854,220,0
topic,instructors,0.0364963503649635,220,0
topic,assessment,0.032846715328467155,220,0
topic,students,0.025547445255474453,220,0
topic,wanted,0.01824817518248175,220,0
topic,experience,0.023923444976076555,221,0
topic,teaching,0.019138755980861243,221,0
topic,sample,0.019138755980861243,221,0
topic,respondents,0.019138755980861243,221,0
topic,topic,0.014354066985645933,221,0
topic,1,0.05042016806722689,222,0
topic,american,0.03361344537815126,222,0
topic,respondents,0.025210084033613446,222,0
topic,taught,0.025210084033613446,222,0
topic,within,0.025210084033613446,222,0
topic,teaching,0.025477707006369428,223,0
topic,degree,0.025477707006369428,223,0
topic,1,0.025477707006369428,223,0
topic,professor,0.025477707006369428,223,0
topic,track,0.025477707006369428,223,0
topic,degree,0.03278688524590164,224,0
topic,sciences,0.03278688524590164,224,0
topic,program,0.0273224043715847,224,0
topic,disciplines,0.02185792349726776,224,0
topic,10,0.02185792349726776,224,0
topic,responses,0.03260869565217391,225,0
topic,topic,0.028985507246376812,225,0
topic,questions,0.025362318840579712,225,0
topic,modeling,0.021739130434782608,225,0
topic,using,0.021739130434782608,225,0
topic,topic,0.033707865168539325,226,0
topic,words,0.026217228464419477,226,0
topic,analysis,0.018726591760299626,226,0
topic,sample,0.0149812734082397,226,0
topic,associated,0.0149812734082397,226,0
topic,assessment,0.03597122302158273,227,0
topic,practices,0.03597122302158273,227,0
topic,pandemic,0.03597122302158273,227,0
topic,respondents,0.02877697841726619,227,0
topic,exams,0.02877697841726619,227,0
topic,topic,0.030303030303030304,228,0
topic,topics,0.024242424242424242,228,0
topic,responses,0.024242424242424242,228,0
topic,two,0.024242424242424242,228,0
topic,question,0.01818181818181818,228,0
topic,exams,0.0380952380952381,229,0
topic,students,0.031746031746031744,229,0
topic,exam,0.025396825396825397,229,0
topic,use,0.01904761904761905,229,0
topic,online,0.015873015873015872,229,0
topic,topic,0.04054054054054054,230,0
topic,exam,0.033783783783783786,230,0
topic,changed,0.033783783783783786,230,0
topic,two,0.033783783783783786,230,0
topic,topics,0.033783783783783786,230,0
topic,students,0.045627376425855515,231,0
topic,exams,0.022813688212927757,231,0
topic,topic,0.015209125475285171,231,0
topic,less,0.015209125475285171,231,0
topic,time,0.015209125475285171,231,0
topic,responses,0.033112582781456956,232,0
topic,topic,0.033112582781456956,232,0
topic,administering,0.019867549668874173,232,0
topic,assessments,0.019867549668874173,232,0
topic,online,0.019867549668874173,232,0
topic,students,0.03361344537815126,233,0
topic,topic,0.01680672268907563,233,0
topic,online,0.01680672268907563,233,0
topic,time,0.01680672268907563,233,0
topic,questions,0.014005602240896359,233,0
topic,virtual,0.040268456375838924,234,0
topic,information,0.026845637583892617,234,0
topic,use,0.026845637583892617,234,0
topic,indicated,0.026845637583892617,234,0
topic,think,0.020134228187919462,234,0
topic,students,0.02952029520295203,235,0
topic,online,0.02952029520295203,235,0
topic,questions,0.02952029520295203,235,0
topic,exam,0.01845018450184502,235,0
topic,topic,0.01107011070110701,235,0
topic,instructors,0.030303030303030304,236,0
topic,students,0.020202020202020204,236,0
topic,online,0.020202020202020204,236,0
topic,learning,0.016835016835016835,236,0
topic,grading,0.016835016835016835,236,0
topic,instructors,0.044585987261146494,237,0
topic,online,0.028662420382165606,237,0
topic,students,0.022292993630573247,237,0
topic,assessment,0.01910828025477707,237,0
topic,asked,0.01592356687898089,237,0
topic,instructors,0.03765690376569038,238,0
topic,assessment,0.03347280334728033,238,0
topic,online,0.03347280334728033,238,0
topic,learning,0.02092050209205021,238,0
topic,may,0.016736401673640166,238,0
topic,responses,0.03333333333333333,239,0
topic,information,0.023809523809523808,239,0
topic,questions,0.01904761904761905,239,0
topic,provide,0.01904761904761905,239,0
topic,assessment,0.014285714285714285,239,0
topic,pandemic,0.030927835051546393,240,0
topic,indicated,0.02577319587628866,240,0
topic,one,0.02577319587628866,240,0
topic,due,0.020618556701030927,240,0
topic,online,0.020618556701030927,240,0
topic,content,0.03435114503816794,241,0
topic,course,0.026717557251908396,241,0
topic,practices,0.019083969465648856,241,0
topic,pandemic,0.019083969465648856,241,0
topic,grading,0.019083969465648856,241,0
topic,topics,0.08108108108108109,242,0
topic,used,0.05405405405405406,242,0
topic,sentiments,0.05405405405405406,242,0
topic,232,0.02702702702702703,242,0
topic,ober,0.02702702702702703,242,0
topic,topics,0.035856573705179286,243,0
topic,topic,0.02390438247011952,243,0
topic,class,0.0199203187250996,243,0
topic,course,0.0199203187250996,243,0
topic,responses,0.01593625498007968,243,0
topic,used,0.06060606060606061,244,0
topic,sentiments,0.06060606060606061,244,0
topic,changed,0.06060606060606061,244,0
topic,234,0.030303030303030304,244,0
topic,ober,0.030303030303030304,244,0
topic,assignments,0.03484320557491289,245,0
topic,late,0.020905923344947737,245,0
topic,professional,0.020905923344947737,245,0
topic,students,0.017421602787456445,245,0
topic,development,0.017421602787456445,245,0
topic,used,0.06060606060606061,246,0
topic,sentiments,0.06060606060606061,246,0
topic,236,0.030303030303030304,246,0
topic,ober,0.030303030303030304,246,0
topic,et,0.030303030303030304,246,0
topic,online,0.04395604395604396,247,0
topic,teaching,0.03296703296703297,247,0
topic,professional,0.02197802197802198,247,0
topic,helpful,0.02197802197802198,247,0
topic,topic,0.018315018315018316,247,0
topic,238,0.03333333333333333,248,0
topic,ober,0.03333333333333333,248,0
topic,et,0.03333333333333333,248,0
topic,al,0.03333333333333333,248,0
topic,fig,0.03333333333333333,248,0
topic,topic,0.06451612903225806,249,0
topic,changed,0.06451612903225806,249,0
topic,applying,0.03225806451612903,249,0
topic,modeling,0.03225806451612903,249,0
topic,understand,0.03225806451612903,249,0
topic,240,0.038461538461538464,250,0
topic,ober,0.038461538461538464,250,0
topic,et,0.038461538461538464,250,0
topic,al,0.038461538461538464,250,0
topic,fig,0.038461538461538464,250,0
topic,topic,0.07142857142857142,251,0
topic,applying,0.03571428571428571,251,0
topic,modeling,0.03571428571428571,251,0
topic,understand,0.03571428571428571,251,0
topic,assessment,0.03571428571428571,251,0
topic,https,0.04904632152588556,252,0
topic,online,0.035422343324250684,252,0
topic,2020,0.02452316076294278,252,0
topic,j,0.02452316076294278,252,0
topic,learning,0.01907356948228883,252,0
topic,https,0.04392764857881137,253,0
topic,2021,0.01808785529715762,253,0
topic,online,0.01808785529715762,253,0
topic,assessment,0.015503875968992248,253,0
topic,educ,0.015503875968992248,253,0
topic,https,0.06484641638225255,254,0
topic,education,0.030716723549488054,254,0
topic,2020,0.023890784982935155,254,0
topic,j,0.023890784982935155,254,0
topic,assessment,0.017064846416382253,254,0
topic,learning,0.13705583756345177,255,0
topic,immersive,0.04568527918781726,255,0
topic,machine,0.04060913705583756,255,0
topic,experience,0.030456852791878174,255,0
topic,environments,0.025380710659898477,255,0
topic,learning,0.08873720136518772,256,0
topic,immersive,0.027303754266211604,256,0
topic,learners,0.023890784982935155,256,0
topic,experience,0.020477815699658702,256,0
topic,machine,0.017064846416382253,256,0
topic,learning,0.11016949152542373,257,0
topic,machine,0.07627118644067797,257,0
topic,house,0.029661016949152543,257,0
topic,education,0.01694915254237288,257,0
topic,problems,0.01694915254237288,257,0
topic,learning,0.10505836575875487,258,0
topic,machine,0.042801556420233464,258,0
topic,used,0.019455252918287938,258,0
topic,students,0.019455252918287938,258,0
topic,educational,0.019455252918287938,258,0
topic,learning,0.07612456747404844,259,0
topic,topic,0.04152249134948097,259,0
topic,machine,0.02768166089965398,259,0
topic,students,0.020761245674740483,259,0
topic,data,0.01730103806228374,259,0
topic,learning,0.1103202846975089,260,0
topic,theories,0.021352313167259787,260,0
topic,immersive,0.021352313167259787,260,0
topic,cognition,0.017793594306049824,260,0
topic,situated,0.017793594306049824,260,0
topic,learning,0.0858085808580858,261,0
topic,adaptive,0.0429042904290429,261,0
topic,machine,0.036303630363036306,261,0
topic,immersive,0.0231023102310231,261,0
topic,experience,0.0231023102310231,261,0
topic,learning,0.10460251046025104,262,0
topic,machine,0.058577405857740586,262,0
topic,data,0.02510460251046025,262,0
topic,et,0.02092050209205021,262,0
topic,al,0.02092050209205021,262,0
topic,learning,0.05921052631578947,263,0
topic,virtual,0.03289473684210526,263,0
topic,learners,0.02631578947368421,263,0
topic,machine,0.023026315789473683,263,0
topic,et,0.019736842105263157,263,0
topic,language,0.034161490683229816,264,0
topic,learning,0.027950310559006212,264,0
topic,natural,0.024844720496894408,264,0
topic,conversational,0.021739130434782608,264,0
topic,ai,0.021739130434782608,264,0
topic,language,0.054901960784313725,265,0
topic,large,0.047058823529411764,265,0
topic,models,0.0392156862745098,265,0
topic,learning,0.027450980392156862,265,0
topic,virtual,0.023529411764705882,265,0
topic,learning,0.08727272727272728,266,0
topic,assessment,0.04,266,0
topic,teaching,0.025454545454545455,266,0
topic,support,0.02181818181818182,266,0
topic,teachers,0.01818181818181818,266,0
topic,learning,0.07836990595611286,267,0
topic,assessment,0.0438871473354232,267,0
topic,machine,0.034482758620689655,267,0
topic,stealth,0.0219435736677116,267,0
topic,immersive,0.018808777429467086,267,0
topic,learning,0.071875,268,0
topic,used,0.025,268,0
topic,assessment,0.021875,268,0
topic,teaching,0.021875,268,0
topic,immersive,0.01875,268,0
topic,learning,0.09642857142857143,269,0
topic,machine,0.03214285714285714,269,0
topic,immersive,0.03214285714285714,269,0
topic,environments,0.02857142857142857,269,0
topic,design,0.014285714285714285,269,0
topic,learning,0.1016949152542373,270,0
topic,immersive,0.038135593220338986,270,0
topic,environments,0.03389830508474576,270,0
topic,machine,0.025423728813559324,270,0
topic,assessment,0.0211864406779661,270,0
topic,learning,0.04830917874396135,271,0
topic,https,0.033816425120772944,271,0
topic,j,0.024154589371980676,271,0
topic,dai,0.024154589371980676,271,0
topic,virtual,0.021739130434782608,271,0
topic,learning,0.040100250626566414,272,0
topic,https,0.03759398496240601,272,0
topic,educ,0.012531328320802004,272,0
topic,f,0.010025062656641603,272,0
topic,education,0.010025062656641603,272,0
topic,https,0.04513064133016627,273,0
topic,learning,0.035629453681710214,273,0
topic,j,0.030878859857482184,273,0
topic,educ,0.023752969121140142,273,0
topic,1,0.021377672209026127,273,0
topic,https,0.03481012658227848,274,0
topic,learning,0.03164556962025317,274,0
topic,virtual,0.022151898734177215,274,0
topic,machine,0.015822784810126583,274,0
topic,games,0.012658227848101266,274,0
topic,machine,0.25,275,0
topic,learning,0.25,275,0
topic,educational,0.25,275,0
topic,research,0.25,275,0
topic,data,0.04040404040404041,276,0
topic,learning,0.030303030303030304,276,0
topic,machine,0.025252525252525252,276,0
topic,educational,0.020202020202020204,276,0
topic,model,0.020202020202020204,276,0
topic,ml,0.03666666666666667,277,0
topic,data,0.02,277,0
topic,educational,0.016666666666666666,277,0
topic,context,0.016666666666666666,277,0
topic,literacy,0.016666666666666666,277,0
topic,data,0.05714285714285714,278,0
topic,ml,0.036734693877551024,278,0
topic,analysis,0.02040816326530612,278,0
topic,statistical,0.0163265306122449,278,0
topic,model,0.0163265306122449,278,0
topic,academic,0.04081632653061224,279,0
topic,pisa,0.02040816326530612,279,0
topic,educational,0.0163265306122449,279,0
topic,education,0.0163265306122449,279,0
topic,children,0.0163265306122449,279,0
topic,life,0.02952029520295203,280,0
topic,students,0.02952029520295203,280,0
topic,positive,0.025830258302583026,280,0
topic,perception,0.014760147601476014,280,0
topic,happiness,0.014760147601476014,280,0
topic,pisa,0.03202846975088968,281,0
topic,student,0.02491103202846975,281,0
topic,2018,0.021352313167259787,281,0
topic,et,0.017793594306049824,281,0
topic,al,0.017793594306049824,281,0
topic,data,0.02112676056338028,282,0
topic,skills,0.017605633802816902,282,0
topic,methods,0.014084507042253521,282,0
topic,inﬂuence,0.01056338028169014,282,0
topic,context,0.01056338028169014,282,0
topic,data,0.02145922746781116,283,0
topic,bda,0.02145922746781116,283,0
topic,pisa,0.02145922746781116,283,0
topic,variables,0.017167381974248927,283,0
topic,predictors,0.012875536480686695,283,0
topic,pisa,0.026717557251908396,284,0
topic,data,0.026717557251908396,284,0
topic,variables,0.015267175572519083,284,0
topic,scores,0.015267175572519083,284,0
topic,69,0.011450381679389313,284,0
topic,score,0.01929260450160772,285,0
topic,method,0.01929260450160772,285,0
topic,data,0.01929260450160772,285,0
topic,regression,0.01607717041800643,285,0
topic,student,0.012861736334405145,285,0
topic,boosting,0.03103448275862069,286,0
topic,model,0.03103448275862069,286,0
topic,neural,0.03103448275862069,286,0
topic,layer,0.02413793103448276,286,0
topic,xgboost,0.020689655172413793,286,0
topic,model,0.054474708171206226,287,0
topic,models,0.0311284046692607,287,0
topic,median,0.027237354085603113,287,0
topic,averaging,0.023346303501945526,287,0
topic,data,0.019455252918287938,287,0
topic,boosting,0.04326923076923077,288,0
topic,rase,0.028846153846153848,288,0
topic,neural,0.028846153846153848,288,0
topic,model,0.02403846153846154,288,0
topic,math,0.02403846153846154,288,0
topic,time,0.035,289,0
topic,predictors,0.03,289,0
topic,important,0.025,289,0
topic,3,0.02,289,0
topic,boosting,0.02,289,0
topic,predictors,0.028708133971291867,290,0
topic,performance,0.028708133971291867,290,0
topic,science,0.023923444976076555,290,0
topic,time,0.023923444976076555,290,0
topic,academic,0.023923444976076555,290,0
topic,students,0.05,291,0
topic,academic,0.0375,291,0
topic,school,0.03125,291,0
topic,negative,0.025,291,0
topic,et,0.01875,291,0
topic,math,0.02197802197802198,292,0
topic,students,0.02197802197802198,292,0
topic,relationship,0.016483516483516484,292,0
topic,performance,0.016483516483516484,292,0
topic,phenomenon,0.016483516483516484,292,0
topic,future,0.0273972602739726,293,0
topic,performance,0.02054794520547945,293,0
topic,relationship,0.0136986301369863,293,0
topic,school,0.0136986301369863,293,0
topic,math,0.0136986301369863,293,0
topic,new,0.031088082901554404,294,0
topic,methods,0.025906735751295335,294,0
topic,educational,0.02072538860103627,294,0
topic,research,0.02072538860103627,294,0
topic,ml,0.02072538860103627,294,0
topic,lives,0.028037383177570093,295,0
topic,life,0.028037383177570093,295,0
topic,dimensions,0.018691588785046728,295,0
topic,educational,0.018691588785046728,295,0
topic,school,0.018691588785046728,295,0
topic,social,0.042105263157894736,296,0
topic,et,0.042105263157894736,296,0
topic,al,0.042105263157894736,296,0
topic,health,0.031578947368421054,296,0
topic,govorova,0.031578947368421054,296,0
topic,j,0.024330900243309004,297,0
topic,https,0.019464720194647202,297,0
topic,pp,0.009732360097323601,297,0
topic,3,0.009732360097323601,297,0
topic,educ,0.009732360097323601,297,0
topic,https,0.043010752688172046,298,0
topic,j,0.02956989247311828,298,0
topic,psychol,0.01881720430107527,298,0
topic,positive,0.013440860215053764,298,0
topic,r,0.010752688172043012,298,0
topic,https,0.04603580562659847,299,0
topic,j,0.03580562659846547,299,0
topic,academic,0.017902813299232736,299,0
topic,psychol,0.017902813299232736,299,0
topic,educ,0.01278772378516624,299,0
topic,https,0.05421686746987952,300,0
topic,development,0.015060240963855422,300,0
topic,school,0.012048192771084338,300,0
topic,j,0.012048192771084338,300,0
topic,science,0.012048192771084338,300,0
topic,data,0.03273809523809524,301,0
topic,https,0.02976190476190476,301,0
topic,science,0.023809523809523808,301,0
topic,yu,0.020833333333333332,301,0
topic,ch,0.017857142857142856,301,0
topic,learning,0.0273224043715847,302,0
topic,problems,0.02185792349726776,302,0
topic,language,0.01639344262295082,302,0
topic,computers,0.01639344262295082,302,0
topic,games,0.01639344262295082,302,0
topic,data,0.025806451612903226,303,0
topic,language,0.02258064516129032,303,0
topic,science,0.01935483870967742,303,0
topic,could,0.016129032258064516,303,0
topic,even,0.016129032258064516,303,0
topic,llms,0.02287581699346405,304,0
topic,ml,0.0196078431372549,304,0
topic,problem,0.0196078431372549,304,0
topic,language,0.016339869281045753,304,0
topic,data,0.016339869281045753,304,0
topic,llms,0.050761421319796954,305,0
topic,data,0.04568527918781726,305,0
topic,physics,0.030456852791878174,305,0
topic,processes,0.015228426395939087,305,0
topic,scalable,0.015228426395939087,305,0
topic,llms,0.02074688796680498,306,0
topic,prompting,0.016597510373443983,306,0
topic,problem,0.016597510373443983,306,0
topic,mass,0.016597510373443983,306,0
topic,models,0.012448132780082987,306,0
topic,mass,0.04424778761061947,307,0
topic,loop,0.04424778761061947,307,0
topic,solution,0.04424778761061947,307,0
topic,phase,0.04424778761061947,307,0
topic,problem,0.035398230088495575,307,0
topic,present,0.16597510373443983,308,0
topic,explicitly,0.08713692946058091,308,0
topic,correct,0.06224066390041494,308,0
topic,solution,0.03734439834024896,308,0
topic,implicitly,0.03319502074688797,308,0
topic,solution,0.033962264150943396,309,0
topic,problems,0.033962264150943396,309,0
topic,chatgpt,0.03018867924528302,309,0
topic,physics,0.026415094339622643,309,0
topic,generate,0.022641509433962263,309,0
topic,problem,0.04792332268370607,310,0
topic,problems,0.022364217252396165,310,0
topic,1,0.019169329073482427,310,0
topic,2,0.019169329073482427,310,0
topic,height,0.01597444089456869,310,0
topic,problem,0.03985507246376811,311,0
topic,force,0.028985507246376812,311,0
topic,problems,0.025362318840579712,311,0
topic,concepts,0.025362318840579712,311,0
topic,used,0.025362318840579712,311,0
topic,problems,0.04779411764705882,312,0
topic,problem,0.01838235294117647,312,0
topic,physics,0.01838235294117647,312,0
topic,chatgpt,0.01838235294117647,312,0
topic,data,0.014705882352941176,312,0
topic,llms,0.04452054794520548,313,0
topic,researchers,0.0273972602739726,313,0
topic,problems,0.017123287671232876,313,0
topic,data,0.017123287671232876,313,0
topic,surveys,0.017123287671232876,313,0
topic,energy,0.06818181818181818,314,0
topic,mass,0.06363636363636363,314,0
topic,loop,0.031818181818181815,314,0
topic,force,0.031818181818181815,314,0
topic,solution,0.01818181818181818,314,0
topic,loop,0.049079754601226995,315,0
topic,mass,0.04294478527607362,315,0
topic,r,0.03067484662576687,315,0
topic,height,0.03067484662576687,315,0
topic,energy,0.024539877300613498,315,0
topic,mass,0.05737704918032787,316,0
topic,loop,0.04918032786885246,316,0
topic,energy,0.045081967213114756,316,0
topic,force,0.045081967213114756,316,0
topic,height,0.02459016393442623,316,0
topic,loop,0.05818181818181818,317,0
topic,energy,0.05090909090909091,317,0
topic,mass,0.04,317,0
topic,necessary,0.04,317,0
topic,top,0.03272727272727273,317,0
topic,energy,0.06569343065693431,318,0
topic,mass,0.040145985401459854,318,0
topic,loop,0.040145985401459854,318,0
topic,top,0.025547445255474453,318,0
topic,height,0.021897810218978103,318,0
topic,loop,0.05179282868525897,319,0
topic,energy,0.043824701195219126,319,0
topic,mass,0.035856573705179286,319,0
topic,plug,0.02390438247011952,319,0
topic,top,0.0199203187250996,319,0
topic,g,0.03934426229508197,320,0
topic,loop,0.02622950819672131,320,0
topic,r,0.02622950819672131,320,0
topic,language,0.019672131147540985,320,0
topic,height,0.019672131147540985,320,0
topic,j,0.03255813953488372,321,0
topic,https,0.02558139534883721,321,0
topic,2023,0.018604651162790697,321,0
topic,physics,0.018604651162790697,321,0
topic,language,0.01627906976744186,321,0
topic,https,0.03614457831325301,322,0
topic,phys,0.02710843373493976,322,0
topic,j,0.02710843373493976,322,0
topic,educ,0.024096385542168676,322,0
topic,problem,0.015060240963855422,322,0
topic,educational,0.043209876543209874,323,0
topic,learning,0.030864197530864196,323,0
topic,machine,0.024691358024691357,323,0
topic,education,0.024691358024691357,323,0
topic,outcomes,0.024691358024691357,323,0
topic,learning,0.030405405405405407,324,0
topic,educational,0.030405405405405407,324,0
topic,data,0.02027027027027027,324,0
topic,several,0.013513513513513514,324,0
topic,using,0.013513513513513514,324,0
topic,learning,0.050724637681159424,325,0
topic,early,0.028985507246376812,325,0
topic,research,0.028985507246376812,325,0
topic,cognition,0.028985507246376812,325,0
topic,student,0.028985507246376812,325,0
topic,models,0.035,326,0
topic,model,0.03,326,0
topic,information,0.02,326,0
topic,research,0.015,326,0
topic,physical,0.015,326,0
topic,information,0.05220883534136546,327,0
topic,surface,0.024096385542168676,327,0
topic,event,0.024096385542168676,327,0
topic,network,0.020080321285140562,327,0
topic,conceptual,0.01606425702811245,327,0
topic,level,0.03260869565217391,328,0
topic,theoretical,0.021739130434782608,328,0
topic,factors,0.021739130434782608,328,0
topic,school,0.018115942028985508,328,0
topic,cognitive,0.018115942028985508,328,0
topic,learning,0.0438871473354232,329,0
topic,strategies,0.018808777429467086,329,0
topic,students,0.018808777429467086,329,0
topic,model,0.01567398119122257,329,0
topic,task,0.01567398119122257,329,0
topic,educational,0.024,330,0
topic,information,0.02,330,0
topic,factors,0.016,330,0
topic,data,0.016,330,0
topic,literature,0.012,330,0
topic,data,0.03322259136212625,331,0
topic,scales,0.016611295681063124,331,0
topic,cognitive,0.009966777408637873,331,0
topic,models,0.009966777408637873,331,0
topic,selection,0.009966777408637873,331,0
topic,training,0.03666666666666667,332,0
topic,network,0.023333333333333334,332,0
topic,stage,0.013333333333333334,332,0
topic,learning,0.013333333333333334,332,0
topic,number,0.013333333333333334,332,0
topic,recall,0.023715415019762844,333,0
topic,precision,0.019762845849802372,333,0
topic,predictive,0.019762845849802372,333,0
topic,targets,0.015810276679841896,333,0
topic,sensitivity,0.015810276679841896,333,0
topic,students,0.027972027972027972,334,0
topic,performance,0.027972027972027972,334,0
topic,learning,0.02097902097902098,334,0
topic,strategies,0.02097902097902098,334,0
topic,among,0.017482517482517484,334,0
topic,students,0.026402640264026403,335,0
topic,variables,0.026402640264026403,335,0
topic,ann,0.019801980198019802,335,0
topic,school,0.0165016501650165,335,0
topic,models,0.0165016501650165,335,0
topic,variables,0.03018867924528302,336,0
topic,factors,0.018867924528301886,336,0
topic,attentional,0.01509433962264151,336,0
topic,environmental,0.01509433962264151,336,0
topic,among,0.01509433962264151,336,0
topic,neural,0.024096385542168676,337,0
topic,educational,0.015060240963855422,337,0
topic,networks,0.015060240963855422,337,0
topic,res,0.015060240963855422,337,0
topic,learning,0.012048192771084338,337,0
topic,https,0.024390243902439025,338,0
topic,learning,0.01707317073170732,338,0
topic,data,0.014634146341463415,338,0
topic,cascallar,0.012195121951219513,338,0
topic,educ,0.012195121951219513,338,0
topic,https,0.026246719160104987,339,0
topic,memory,0.023622047244094488,339,0
topic,learning,0.015748031496062992,339,0
topic,boekaerts,0.015748031496062992,339,0
topic,working,0.015748031496062992,339,0
topic,https,0.02962962962962963,340,0
topic,j,0.022222222222222223,340,0
topic,attention,0.014814814814814815,340,0
topic,musso,0.012345679012345678,340,0
topic,cascallar,0.012345679012345678,340,0
topic,https,0.029411764705882353,341,0
topic,cascallar,0.025210084033613446,341,0
topic,learning,0.02100840336134454,341,0
topic,musso,0.02100840336134454,341,0
topic,e,0.02100840336134454,341,0
topic,learning,0.04265402843601896,342,0
topic,bloom,0.02843601895734597,342,0
topic,questions,0.023696682464454975,342,0
topic,taxonomy,0.023696682464454975,342,0
topic,adaptive,0.018957345971563982,342,0
topic,questions,0.030100334448160536,343,0
topic,bloom,0.023411371237458192,343,0
topic,concept,0.020066889632107024,343,0
topic,students,0.020066889632107024,343,0
topic,based,0.020066889632107024,343,0
topic,bloom,0.036290322580645164,344,0
topic,extraction,0.03225806451612903,344,0
topic,concept,0.024193548387096774,344,0
topic,text,0.020161290322580645,344,0
topic,taxonomy,0.020161290322580645,344,0
topic,text,0.02976190476190476,345,0
topic,1,0.023809523809523808,345,0
topic,analysis,0.023809523809523808,345,0
topic,nlp,0.017857142857142856,345,0
topic,tokenization,0.017857142857142856,345,0
topic,questions,0.04784688995215311,346,0
topic,bloom,0.028708133971291867,346,0
topic,noun,0.023923444976076555,346,0
topic,course,0.023923444976076555,346,0
topic,adaptive,0.019138755980861243,346,0
topic,questions,0.05439330543933055,347,0
topic,bloom,0.03347280334728033,347,0
topic,level,0.03347280334728033,347,0
topic,taxonomy,0.029288702928870293,347,0
topic,courses,0.02510460251046025,347,0
topic,question,0.047244094488188976,348,0
topic,questions,0.023622047244094488,348,0
topic,bloom,0.023622047244094488,348,0
topic,temperature,0.023622047244094488,348,0
topic,measurement,0.023622047244094488,348,0
topic,data,0.0815450643776824,349,0
topic,level,0.04721030042918455,349,0
topic,verb,0.02575107296137339,349,0
topic,validation,0.02145922746781116,349,0
topic,training,0.017167381974248927,349,0
topic,level,0.08053691275167785,350,0
topic,bloom,0.03355704697986577,350,0
topic,verb,0.03355704697986577,350,0
topic,used,0.026845637583892617,350,0
topic,indicates,0.026845637583892617,350,0
topic,lstm,0.03260869565217391,351,0
topic,rnn,0.028985507246376812,351,0
topic,similarity,0.025362318840579712,351,0
topic,value,0.025362318840579712,351,0
topic,memory,0.021739130434782608,351,0
topic,gate,0.06206896551724138,352,0
topic,input,0.04827586206896552,352,0
topic,tanh,0.041379310344827586,352,0
topic,values,0.034482758620689655,352,0
topic,forget,0.027586206896551724,352,0
topic,output,0.06914893617021277,353,0
topic,layer,0.05851063829787234,353,0
topic,state,0.026595744680851064,353,0
topic,gate,0.026595744680851064,353,0
topic,softmax,0.026595744680851064,353,0
topic,5,0.07352941176470588,354,0
topic,layer,0.058823529411764705,354,0
topic,bilstm,0.04411764705882353,354,0
topic,architecture,0.04411764705882353,354,0
topic,1,0.029411764705882353,354,0
topic,bilstm,0.04285714285714286,355,0
topic,lstm,0.03571428571428571,355,0
topic,building,0.02142857142857143,355,0
topic,bidirectional,0.02142857142857143,355,0
topic,using,0.02142857142857143,355,0
topic,text,0.03461538461538462,356,0
topic,function,0.023076923076923078,356,0
topic,size,0.019230769230769232,356,0
topic,questions,0.015384615384615385,356,0
topic,gradient,0.015384615384615385,356,0
topic,layer,0.0728476821192053,357,0
topic,network,0.039735099337748346,357,0
topic,architecture,0.026490066225165563,357,0
topic,using,0.026490066225165563,357,0
topic,input,0.026490066225165563,357,0
topic,bloom,0.04285714285714286,358,0
topic,network,0.04285714285714286,358,0
topic,text,0.02857142857142857,358,0
topic,questions,0.02857142857142857,358,0
topic,8,0.02857142857142857,358,0
topic,loss,0.05,359,0
topic,network,0.04,359,0
topic,training,0.04,359,0
topic,performance,0.03,359,0
topic,data,0.03,359,0
topic,model,0.08163265306122448,360,0
topic,cnn,0.05442176870748299,360,0
topic,loss,0.04081632653061224,360,0
topic,validation,0.04081632653061224,360,0
topic,fig,0.034013605442176874,360,0
topic,cnn,0.05737704918032787,361,0
topic,accuracy,0.03278688524590164,361,0
topic,model,0.03278688524590164,361,0
topic,fig,0.02459016393442623,361,0
topic,classiﬁcation,0.02459016393442623,361,0
topic,bloom,0.02577319587628866,362,0
topic,questions,0.020618556701030927,362,0
topic,based,0.020618556701030927,362,0
topic,learning,0.020618556701030927,362,0
topic,https,0.020618556701030927,362,0
topic,https,0.024271844660194174,363,0
topic,et,0.01699029126213592,363,0
topic,al,0.01699029126213592,363,0
topic,learning,0.01699029126213592,363,0
topic,pp,0.01699029126213592,363,0
topic,text,0.03125,364,0
topic,https,0.03125,364,0
topic,xu,0.03125,364,0
topic,identiﬁcation,0.015625,364,0
topic,questions,0.015625,364,0
topic,ai,0.07368421052631578,365,0
topic,generative,0.04736842105263158,365,0
topic,education,0.03684210526315789,365,0
topic,industry,0.021052631578947368,365,0
topic,research,0.021052631578947368,365,0
topic,ai,0.1,366,0
topic,education,0.05714285714285714,366,0
topic,research,0.02857142857142857,366,0
topic,framework,0.025,366,0
topic,applications,0.02142857142857143,366,0
topic,ai,0.07468879668049792,367,0
topic,systems,0.029045643153526972,367,0
topic,learning,0.024896265560165973,367,0
topic,content,0.02074688796680498,367,0
topic,applications,0.02074688796680498,367,0
topic,learner,0.05142857142857143,368,0
topic,student,0.02857142857142857,368,0
topic,knowledge,0.022857142857142857,368,0
topic,domain,0.022857142857142857,368,0
topic,learning,0.022857142857142857,368,0
topic,learner,0.025236593059936908,369,0
topic,student,0.01892744479495268,369,0
topic,testing,0.01892744479495268,369,0
topic,agency,0.012618296529968454,369,0
topic,domain,0.012618296529968454,369,0
topic,ai,0.0371900826446281,370,0
topic,teacher,0.028925619834710745,370,0
topic,hi,0.02066115702479339,370,0
topic,analytics,0.02066115702479339,370,0
topic,teachers,0.01652892561983471,370,0
topic,ai,0.0728476821192053,371,0
topic,learning,0.026490066225165563,371,0
topic,students,0.026490066225165563,371,0
topic,literacy,0.016556291390728478,371,0
topic,curriculum,0.016556291390728478,371,0
topic,learning,0.029411764705882353,372,0
topic,data,0.025735294117647058,372,0
topic,mining,0.022058823529411766,372,0
topic,learner,0.01838235294117647,372,0
topic,math,0.01838235294117647,372,0
topic,learning,0.03937007874015748,373,0
topic,students,0.031496062992125984,373,0
topic,agents,0.01968503937007874,373,0
topic,ai,0.015748031496062992,373,0
topic,interaction,0.015748031496062992,373,0
topic,content,0.057971014492753624,374,0
topic,generative,0.036231884057971016,374,0
topic,ai,0.036231884057971016,374,0
topic,digital,0.028985507246376812,374,0
topic,education,0.021739130434782608,374,0
topic,content,0.036036036036036036,375,0
topic,learning,0.03003003003003003,375,0
topic,math,0.02702702702702703,375,0
topic,problems,0.02702702702702703,375,0
topic,ai,0.024024024024024024,375,0
topic,ai,0.03816793893129771,376,0
topic,generative,0.022900763358778626,376,0
topic,tutoring,0.019083969465648856,376,0
topic,learning,0.019083969465648856,376,0
topic,coding,0.015267175572519083,376,0
topic,ai,0.07191780821917808,377,0
topic,teachers,0.030821917808219176,377,0
topic,students,0.0273972602739726,377,0
topic,generative,0.02054794520547945,377,0
topic,tools,0.017123287671232876,377,0
topic,ai,0.05860805860805861,378,0
topic,students,0.018315018315018316,378,0
topic,potential,0.018315018315018316,378,0
topic,systems,0.014652014652014652,378,0
topic,questions,0.014652014652014652,378,0
topic,llms,0.017241379310344827,379,0
topic,ai,0.013793103448275862,379,0
topic,et,0.013793103448275862,379,0
topic,al,0.013793103448275862,379,0
topic,using,0.013793103448275862,379,0
topic,ai,0.017482517482517484,380,0
topic,writers,0.017482517482517484,380,0
topic,feedback,0.013986013986013986,380,0
topic,provide,0.013986013986013986,380,0
topic,students,0.013986013986013986,380,0
topic,ai,0.029850746268656716,381,0
topic,content,0.029850746268656716,381,0
topic,students,0.026119402985074626,381,0
topic,learning,0.018656716417910446,381,0
topic,sel,0.018656716417910446,381,0
topic,creative,0.052307692307692305,382,0
topic,thinking,0.043076923076923075,382,0
topic,ideas,0.027692307692307693,382,0
topic,human,0.018461538461538463,382,0
topic,creativity,0.018461538461538463,382,0
topic,ai,0.05859375,383,0
topic,skills,0.0234375,383,0
topic,reckoning,0.01953125,383,0
topic,learning,0.01953125,383,0
topic,students,0.015625,383,0
topic,ai,0.04923076923076923,384,0
topic,content,0.04,384,0
topic,learning,0.018461538461538463,384,0
topic,generative,0.018461538461538463,384,0
topic,research,0.015384615384615385,384,0
topic,skills,0.038910505836575876,385,0
topic,ai,0.03501945525291829,385,0
topic,learner,0.0311284046692607,385,0
topic,students,0.01556420233463035,385,0
topic,cognitive,0.01556420233463035,385,0
topic,ai,0.029850746268656716,386,0
topic,research,0.026119402985074626,386,0
topic,industry,0.022388059701492536,386,0
topic,skills,0.022388059701492536,386,0
topic,academic,0.014925373134328358,386,0
topic,https,0.03571428571428571,387,0
topic,2023,0.024725274725274724,387,0
topic,learning,0.024725274725274724,387,0
topic,education,0.02197802197802198,387,0
topic,artiﬁcial,0.02197802197802198,387,0
topic,https,0.035897435897435895,388,0
topic,2023,0.03333333333333333,388,0
topic,education,0.023076923076923078,388,0
topic,n,0.017948717948717947,388,0
topic,intelligence,0.015384615384615385,388,0
topic,https,0.03926701570680628,389,0
topic,2023,0.03664921465968586,389,0
topic,j,0.031413612565445025,389,0
topic,ai,0.02356020942408377,389,0
topic,education,0.015706806282722512,389,0
topic,https,0.03970223325062035,390,0
topic,2023,0.03225806451612903,390,0
topic,j,0.017369727047146403,390,0
topic,ai,0.01488833746898263,390,0
topic,e,0.01240694789081886,390,0
chapter,"3 Predicting Student Performance 
Part 3 includes studies related to predicting student performance with machine learning.",0.9,22,9
chapter,"Section 2 provides a brief back-
ground on ML models for classiﬁcation.",0.9,63,26
chapter,"Section 3 describes the Camelot frame-
work in detail with ready-to-use Python code snippets wherever appropriate.",0.9,63,27
chapter,"Section 
3.2.1 describes 
the training of supervised models.",0.9,72,7
chapter,"Section 3.2.2 explains the sentiment analysis of 
textual data in Python.",0.9,72,8
chapter,"Section 3.3.1 explains 
the evaluation metrics and Sect.",0.9,79,6
chapter,"Section 3 discusses the related 
work.",0.9,110,10
chapter,"Section 3 introduces the proposed methodology, which 
involves augmenting traditional ML classiﬁers with topological features and node 
embeddings derived from graph-based representations of student data from program-
ming courses.",0.9,196,6
chapter,"https://learninga 
nalytics.upenn.edu/ryanbaker/Chapter12BakerSiemensv3.pdf 
10.",0.9,387,31
